"","X.1","X","Plot","Cardinal.Direction","Distance..m.","Treatment","AliveBAperha","amp","sd","n"
"1",1,1,"CP001","E",1,"control",0,74.2072685663871,0.14908756501069,50
"2",2,2,"CP001","E",10,"control",0,68.5550030661676,0.379497842213757,50
"3",3,3,"CP001","E",20,"control",0,63.954576879375,1.53008736578627,50
"4",4,4,"CP001","E",40,"control",0,52.815333816967,1.16215535158794,50
"5",5,5,"CP001","N",1,"control",0,76.813231450927,0.27207321943678,50
"6",6,6,"CP001","N",10,"control",0,61.7631677425118,0.402090252839548,50
"7",7,7,"CP001","N",20,"control",0,69.2341891870894,1.10113646287472,42
"8",8,8,"CP001","N",40,"control",0,58.6620056208287,0.847694327850191,50
"9",9,9,"CP001","S",1,"control",0,68.6428557545425,0.126474971307951,50
"10",10,10,"CP001","S",10,"control",0,74.9704874877657,0.519752727707304,50
"11",11,11,"CP001","S",20,"control",0,63.5398219764808,0.756522009607393,50
"12",12,12,"CP001","S",40,"control",0,56.8451523931416,0.99050448906461,50
"13",13,13,"CP001","W",1,"control",0,71.5810087988726,0.142198481578621,50
"14",14,14,"CP001","W",10,"control",0,68.1820579499878,0.281098428545255,50
"15",15,15,"CP001","W",20,"control",0,61.1912278159488,0.518186949165756,50
"16",16,16,"CP001","W",40,"control",0,46.8193742246296,1.66551878294018,50
"17",17,17,"CP002","E",1,"control",2.530572525,66.7299357651466,0.109909796038869,50
"18",18,18,"CP002","E",10,"control",2.530572525,68.9026773148831,0.56648608967557,50
"19",19,19,"CP002","E",20,"control",2.530572525,57.8249244523499,0.893735659225606,50
"20",20,20,"CP002","E",40,"control",2.530572525,51.1467143151075,1.21235651791485,50
"21",21,21,"CP002","N",1,"control",2.530572525,73.7738268487898,0.0675410683833724,50
"22",22,22,"CP002","N",10,"control",2.530572525,74.8553783527516,0.272576819353701,50
"23",23,23,"CP002","N",20,"control",2.530572525,68.896404748162,0.599149363000307,50
"24",24,24,"CP002","N",40,"control",2.530572525,66.0677494361232,1.14096586366149,50
"25",25,25,"CP002","S",1,"control",2.530572525,69.3631987198554,0.0641121466411704,50
"26",26,26,"CP002","S",10,"control",2.530572525,66.8008347613114,0.618204279031005,50
"27",27,27,"CP002","S",20,"control",2.530572525,55.9045962436618,0.584423665167799,50
"28",28,28,"CP002","S",40,"control",2.530572525,50.0986643803036,1.94382014999079,50
"29",29,29,"CP002","W",1,"control",2.530572525,65.181237679361,0.0630286620903379,50
"30",30,30,"CP002","W",10,"control",2.530572525,64.94792953153,0.360254388578121,50
"31",31,31,"CP002","W",20,"control",2.530572525,52.1425829699121,0.506987903893059,50
"32",32,32,"CP002","W",40,"control",2.530572525,49.0630098571206,0.834338281122794,50
"33",33,33,"CP003","E",1,"control",75.50839548,73.4830426799657,0.323031621627711,50
"34",34,34,"CP003","E",10,"control",75.50839548,75.9758754531242,0.748310641596477,50
"35",35,35,"CP003","E",20,"control",75.50839548,63.0968001841192,2.62175997126716,50
"36",36,36,"CP003","E",40,"control",75.50839548,52.4702184658519,1.52358895576282,50
"37",37,37,"CP003","N",1,"control",75.50839548,80.5371848026515,0.276250404007462,50
"38",38,38,"CP003","N",10,"control",75.50839548,74.7008481976981,0.21356153823253,50
"39",39,39,"CP003","N",20,"control",75.50839548,70.6014062544672,0.183672845803932,50
"40",40,40,"CP003","N",40,"control",75.50839548,52.4577405590827,0.678789438663284,50
"41",41,41,"CP003","S",1,"control",75.50839548,83.439698404361,0.093178783605957,50
"42",42,42,"CP003","S",10,"control",75.50839548,57.7158526848485,0.865547983178829,43
"43",43,43,"CP003","S",20,"control",75.50839548,66.288599326183,0.297220113583128,50
"44",44,44,"CP003","S",40,"control",75.50839548,45.4856846885515,0.641708688437617,50
"45",45,45,"CP003","W",1,"control",75.50839548,80.7051775401522,0.114242134548172,50
"46",46,46,"CP003","W",10,"control",75.50839548,79.9536668258821,0.444893933702066,50
"47",47,47,"CP003","W",20,"control",75.50839548,61.0655739585866,1.24984727230235,50
"48",48,48,"CP003","W",40,"control",75.50839548,55.6619714835532,0.796265672001602,50
"49",49,49,"CP006","E",1,"control",54.55994148,65.5935485194846,0.144292786248189,50
"50",50,50,"CP006","E",10,"control",54.55994148,52.9980172142257,0.745551815908246,50
"51",51,51,"CP006","E",20,"control",54.55994148,57.461602471345,0.803644987109433,50
"52",52,52,"CP006","E",40,"control",54.55994148,42.1912973325116,1.3312557367894,50
"53",53,53,"CP006","N",1,"control",54.55994148,74.5359543383711,0.162660156555354,50
"54",54,54,"CP006","N",10,"control",54.55994148,57.1425770991229,0.580033391016308,50
"55",55,55,"CP006","N",20,"control",54.55994148,58.9312285670167,2.33446741730292,50
"56",56,56,"CP006","N",40,"control",54.55994148,46.8301793251702,2.22663692594909,50
"57",57,57,"CP006","S",1,"control",54.55994148,69.0907941392602,0.18751968604139,50
"58",58,58,"CP006","S",10,"control",54.55994148,69.0337936234912,0.80511479723993,50
"59",59,59,"CP006","S",20,"control",54.55994148,55.660881109845,1.75645701766424,51
"60",60,60,"CP006","S",40,"control",54.55994148,45.5324620920702,2.23835412003254,40
"61",61,61,"CP006","W",1,"control",54.55994148,89.054545093355,0.153777071617008,50
"62",62,62,"CP006","W",10,"control",54.55994148,60.5661564969952,0.49992199391505,50
"63",63,63,"CP006","W",20,"control",54.55994148,53.5679277656835,1.00168136202108,50
"64",64,64,"CP006","W",40,"control",54.55994148,41.4691895209174,4.65682540986445,50
"65",65,65,"CP008","E",1,"control",18.78851083,87.736621844342,0.10931717567683,50
"66",66,66,"CP008","E",10,"control",18.78851083,59.8024009754711,0.88474407691301,50
"67",67,67,"CP008","E",20,"control",18.78851083,54.7987604097821,1.00271150753691,50
"68",68,68,"CP008","E",40,"control",18.78851083,42.9123883340643,1.33614278841013,50
"69",69,69,"CP008","N",1,"control",18.78851083,74.6665397045445,0.14338829827302,50
"70",70,70,"CP008","N",10,"control",18.78851083,56.1751119795399,0.604357003562548,50
"71",71,71,"CP008","N",20,"control",18.78851083,60.886762810281,0.73519499010085,50
"72",72,72,"CP008","N",40,"control",18.78851083,62.830289388656,1.23455188928896,50
"73",73,73,"CP008","S",1,"control",18.78851083,80.6967276519466,0.113058410043802,50
"74",74,74,"CP008","S",10,"control",18.78851083,64.4137311239145,0.677046527204742,50
"75",75,75,"CP008","S",20,"control",18.78851083,65.195127319965,0.72265203188234,50
"76",76,76,"CP008","S",40,"control",18.78851083,49.948663963681,3.14154944222738,50
"77",77,77,"CP008","W",1,"control",18.78851083,79.754343377518,0.105501716786495,50
"78",78,78,"CP008","W",10,"control",18.78851083,68.6881455809373,0.690976711855421,50
"79",79,79,"CP008","W",20,"control",18.78851083,75.8111977357047,0.931510425851149,50
"80",80,80,"CP008","W",40,"control",18.78851083,60.671019600606,2.60202245515731,50
"81",81,81,"CP012","E",1,"control",59.85935665,80.1831404235592,0.0674458210381506,50
"82",82,82,"CP012","E",10,"control",59.85935665,78.631930479473,0.292750851791229,50
"83",83,83,"CP012","E",20,"control",59.85935665,65.2310873136307,0.411935402108393,50
"84",84,84,"CP012","E",40,"control",59.85935665,64.5403490758547,0.525750989123275,13
"85",85,85,"CP012","N",1,"control",59.85935665,68.0648203891596,0.0731297421277641,50
"86",86,86,"CP012","N",10,"control",59.85935665,79.7541614889434,0.333399313197877,50
"87",87,87,"CP012","N",20,"control",59.85935665,76.0109448475493,0.645347557047949,50
"88",88,88,"CP012","N",40,"control",59.85935665,54.3249279037771,0.568611771720192,50
"89",89,89,"CP012","S",1,"control",59.85935665,71.7333683404172,0.106923585149509,50
"90",90,90,"CP012","S",10,"control",59.85935665,81.1831060138273,0.71014298646434,50
"91",91,91,"CP012","S",20,"control",59.85935665,64.9085710253872,0.418233652107409,50
"92",92,92,"CP012","S",40,"control",59.85935665,60.6211056395368,2.34122995758335,50
"93",93,93,"CP012","W",1,"control",59.85935665,81.516253279207,0.0876160454972229,50
"94",94,94,"CP012","W",10,"control",59.85935665,74.5970532889777,0.322422273500109,50
"95",95,95,"CP012","W",20,"control",59.85935665,78.9700337148718,0.674059556503939,50
"96",96,96,"CP012","W",40,"control",59.85935665,57.0943574536952,3.59035215713513,50
"97",97,97,"CP017","E",1,"control",44.2777443,55.8203217749628,0.203964882931812,50
"98",98,98,"CP017","E",10,"control",44.2777443,73.7284228743861,0.990941337665292,50
"99",99,99,"CP017","E",20,"control",44.2777443,65.9747678247926,1.14393727528913,50
"100",100,100,"CP017","E",40,"control",44.2777443,51.2100735789696,1.72134429932205,48
"101",101,101,"CP017","N",1,"control",44.2777443,63.6167661713951,0.987204753072937,50
"102",102,102,"CP017","N",10,"control",44.2777443,56.8354230780808,1.11688707338472,50
"103",103,103,"CP017","N",20,"control",44.2777443,55.4726543815407,2.34518998838743,50
"104",104,104,"CP017","N",40,"control",44.2777443,56.5301267873211,1.78505300898824,50
"105",105,105,"CP017","S",1,"control",44.2777443,66.0096386516505,0.987491668784282,50
"106",106,106,"CP017","S",10,"control",44.2777443,62.563321540232,1.21161428832507,50
"107",107,107,"CP017","S",20,"control",44.2777443,54.8204342355953,0.887280849631303,50
"108",108,108,"CP017","S",40,"control",44.2777443,55.4381555359582,1.19590937135294,50
"109",109,109,"CP017","W",1,"control",44.2777443,63.0168808643549,1.01623105198592,50
"110",110,110,"CP017","W",10,"control",44.2777443,68.0484001671889,0.690534398203334,50
"111",111,111,"CP017","W",20,"control",44.2777443,50.1077219354353,1.55464792260669,50
"112",112,112,"CP017","W",40,"control",44.2777443,52.100896607768,1.49412357765552,50
"113",113,113,"CP018","E",1,"control",63.82832703,66.2913322671081,0.0806605383628176,50
"114",114,114,"CP018","E",10,"control",63.82832703,75.8463002598525,0.59371624501258,50
"115",115,115,"CP018","E",20,"control",63.82832703,70.9182816845782,0.412036307098473,50
"116",116,116,"CP018","E",40,"control",63.82832703,53.9446199230579,0.716596262955392,50
"117",117,117,"CP018","N",1,"control",63.82832703,64.5059239013584,0.0514856825749071,50
"118",118,118,"CP018","N",10,"control",63.82832703,63.1505324541674,0.342475978600495,50
"119",119,119,"CP018","N",20,"control",63.82832703,63.0230145661642,0.955311137467458,37
"120",120,120,"CP018","N",40,"control",63.82832703,60.3210578942187,0.838207370904513,35
"121",121,121,"CP018","S",1,"control",63.82832703,68.0671865982612,0.121420167776431,50
"122",122,122,"CP018","S",10,"control",63.82832703,71.7725150543907,0.213078887374836,50
"123",123,123,"CP018","S",20,"control",63.82832703,68.8725982835254,0.692881118878238,50
"124",124,124,"CP018","S",40,"control",63.82832703,49.8380359662152,3.27486968115854,50
"125",125,125,"CP018","W",1,"control",63.82832703,75.7838885030731,0.0509805885427311,50
"126",126,126,"CP018","W",10,"control",63.82832703,67.5442190897404,0.240450597412272,50
"127",127,127,"CP018","W",20,"control",63.82832703,60.1385231330368,0.530391499608679,50
"128",128,128,"CP018","W",40,"control",63.82832703,55.3294271792387,0.916755792822422,50
"129",129,129,"CP019","E",1,"control",14.27368875,65.7300580148434,0.120203908388358,50
"130",130,130,"CP019","E",10,"control",14.27368875,61.4941540597842,0.770469880485079,50
"131",131,131,"CP019","E",20,"control",14.27368875,67.5524529749919,1.73153955325594,50
"132",132,132,"CP019","E",40,"control",14.27368875,58.3622182207139,0.97575114969056,49
"133",133,133,"CP019","N",1,"control",14.27368875,71.1825913430848,0.117494941271912,50
"134",134,134,"CP019","N",10,"control",14.27368875,63.2630526442829,0.781512113580762,50
"135",135,135,"CP019","N",20,"control",14.27368875,59.3579366801615,1.41701412145686,50
"136",136,136,"CP019","N",40,"control",14.27368875,44.5711004028976,2.35815908829627,50
"137",137,137,"CP019","S",1,"control",14.27368875,54.3527833956567,0.0844248246690994,50
"138",138,138,"CP019","S",10,"control",14.27368875,60.9908692299745,0.608687078213159,50
"139",139,139,"CP019","S",20,"control",14.27368875,58.6023775298302,1.24060322720318,50
"140",140,140,"CP019","S",40,"control",14.27368875,47.0749026041142,1.49409619120438,50
"141",141,141,"CP019","W",1,"control",14.27368875,61.622408984325,0.074640909065488,50
"142",142,142,"CP019","W",10,"control",14.27368875,67.0964869655503,0.647103467738494,50
"143",143,143,"CP019","W",20,"control",14.27368875,58.7374268486322,1.0280832373194,50
"144",144,144,"CP019","W",40,"control",14.27368875,43.087598366257,1.08704289009126,50
"145",145,145,"CP020","E",1,"control",34.40153908,86.3518846076909,0.187829275499571,50
"146",146,146,"CP020","E",10,"control",34.40153908,70.8115860676008,0.331856927618158,50
"147",147,147,"CP020","E",20,"control",34.40153908,59.8472597848257,0.610654550127842,50
"148",148,148,"CP020","E",40,"control",34.40153908,59.5287011363278,0.874996653054823,50
"149",149,149,"CP020","N",1,"control",34.40153908,83.049806895368,0.0711812862359486,50
"150",150,150,"CP020","N",10,"control",34.40153908,81.8404146975138,0.098383672114714,50
"151",151,151,"CP020","N",20,"control",34.40153908,59.8682162260478,0.405341327570648,50
"152",152,152,"CP020","N",40,"control",34.40153908,60.0465261815797,0.831381540152368,50
"153",153,153,"CP020","S",1,"control",34.40153908,76.4900671547797,0.0452480690759518,50
"154",154,154,"CP020","S",10,"control",34.40153908,68.1854869732088,0.576049175905342,50
"155",155,155,"CP020","S",20,"control",34.40153908,68.0895609489469,0.699737239313181,50
"156",156,156,"CP020","S",40,"control",34.40153908,51.5799271059876,0.464978559962167,50
"157",157,157,"CP020","W",1,"control",34.40153908,77.7793621458324,0.0502239880892773,50
"158",158,158,"CP020","W",10,"control",34.40153908,72.0016056639463,0.4866557682127,50
"159",159,159,"CP020","W",20,"control",34.40153908,61.5813457062312,0.482134920569598,50
"160",160,160,"CP020","W",40,"control",34.40153908,44.3725113277568,1.64488937659178,50
"161",161,161,"FP012","E",1,"fuel",0,68.203187113996,0.119050838051718,50
"162",162,162,"FP012","E",10,"fuel",0,81.0881276229123,0.375351862134935,50
"163",163,163,"FP012","E",20,"fuel",0,62.8965070971899,0.689372414976559,50
"164",164,164,"FP012","E",40,"fuel",0,55.968395742362,0.755080749837731,50
"165",165,165,"FP012","N",1,"fuel",0,67.6161477387741,0.288564427072064,50
"166",166,166,"FP012","N",10,"fuel",0,72.2193145726054,0.356428771829316,50
"167",167,167,"FP012","N",20,"fuel",0,64.5306103992394,0.482198028589406,50
"168",168,168,"FP012","N",40,"fuel",0,59.6726165851234,1.50389838996753,50
"169",169,169,"FP012","S",1,"fuel",0,79.7763106516012,0.27628061747404,50
"170",170,170,"FP012","S",10,"fuel",0,72.4061732893297,0.297986165957484,50
"171",171,171,"FP012","S",20,"fuel",0,69.3076703974274,0.39670937287971,50
"172",172,172,"FP012","S",40,"fuel",0,49.8039210329261,1.52881621537978,50
"173",173,173,"FP012","W",1,"fuel",0,65.6419427812363,0.303664422731167,50
"174",174,174,"FP012","W",10,"fuel",0,77.9040232722595,0.593528913725837,50
"175",175,175,"FP012","W",20,"fuel",0,62.3323201950496,0.62560990649289,50
"176",176,176,"FP012","W",40,"fuel",0,53.5188028456547,1.0886463416293,50
"177",177,177,"FP017","E",1,"fuel",87.14836928,92.5611030361485,0.135865479690128,50
"178",178,178,"FP017","E",10,"fuel",87.14836928,85.526864771258,0.541535986329436,50
"179",179,179,"FP017","E",20,"fuel",87.14836928,73.3720564706954,0.897167333606053,50
"180",180,180,"FP017","E",40,"fuel",87.14836928,69.4098944155796,1.8924142986014,50
"181",181,181,"FP017","N",1,"fuel",87.14836928,81.0112965957669,0.17836456589622,50
"182",182,182,"FP017","N",10,"fuel",87.14836928,77.2230993553628,0.663854053299091,50
"183",183,183,"FP017","N",20,"fuel",87.14836928,71.9932877014038,0.920301991251806,50
"184",184,184,"FP017","N",40,"fuel",87.14836928,54.0277609777048,1.4913172372238,50
"185",185,185,"FP017","S",1,"fuel",87.14836928,85.3769625113443,0.102379844955251,50
"186",186,186,"FP017","S",10,"fuel",87.14836928,93.5542511958559,0.732274204245978,50
"187",187,187,"FP017","S",20,"fuel",87.14836928,67.2761710947743,0.990998445189168,50
"188",188,188,"FP017","S",40,"fuel",87.14836928,63.4940957061799,1.16365777983539,50
"189",189,189,"FP017","W",1,"fuel",87.14836928,84.6098227236699,0.131065336565316,50
"190",190,190,"FP017","W",10,"fuel",87.14836928,91.9154466412979,0.472139550453084,50
"191",191,191,"FP017","W",20,"fuel",87.14836928,79.7428383309402,1.19288792090319,50
"192",192,192,"FP017","W",40,"fuel",87.14836928,64.7268218594127,1.07919019148052,50
"193",193,193,"FP018","E",1,"thinned",43.73116613,87.636318915894,0.173099122246328,50
"194",194,194,"FP018","E",10,"thinned",43.73116613,85.4484665587889,0.410101231902762,50
"195",195,195,"FP018","E",20,"thinned",43.73116613,80.1265679289216,0.609385806549915,50
"196",196,196,"FP018","E",40,"thinned",43.73116613,67.7686916717902,0.64674535253097,50
"197",197,197,"FP018","N",1,"thinned",43.73116613,95.8715599836156,0.206301641648676,50
"198",198,198,"FP018","N",10,"thinned",43.73116613,82.335234758045,0.249257591536899,50
"199",199,199,"FP018","N",20,"thinned",43.73116613,79.0871338731878,0.289162337006148,50
"200",200,200,"FP018","N",40,"thinned",43.73116613,66.9493687313682,0.687708291267126,50
"201",201,201,"FP018","S",1,"thinned",43.73116613,93.1617738973824,0.159591442663535,50
"202",202,202,"FP018","S",10,"thinned",43.73116613,70.9935733419171,0.28133907206321,50
"203",203,203,"FP018","S",20,"thinned",43.73116613,76.0044767083432,0.336902093208342,50
"204",204,204,"FP018","S",40,"thinned",43.73116613,57.0274482549762,1.45533338630917,50
"205",205,205,"FP018","W",1,"thinned",43.73116613,85.784268188245,0.198044418847729,50
"206",206,206,"FP018","W",10,"thinned",43.73116613,70.8972767782953,0.683410564741283,50
"207",207,207,"FP018","W",20,"thinned",43.73116613,75.3218849074803,0.292718155172082,50
"208",208,208,"FP018","W",40,"thinned",43.73116613,73.4508318751439,0.800794911195069,50
"209",209,209,"FP022","E",1,"fuel",25.09541518,82.3767761854339,0.23585960888215,50
"210",210,210,"FP022","E",10,"fuel",25.09541518,72.2352788566629,0.568926701638036,50
"211",211,211,"FP022","E",20,"fuel",25.09541518,66.5047986521769,0.74368659736615,50
"212",212,212,"FP022","E",40,"fuel",25.09541518,59.7732930131057,1.25017295130045,50
"213",213,213,"FP022","N",1,"fuel",25.09541518,71.638026530544,0.196855276789829,50
"214",214,214,"FP022","N",10,"fuel",25.09541518,63.556778648541,0.668739936029558,50
"215",215,215,"FP022","N",20,"fuel",25.09541518,62.1854905334913,1.42423658032459,50
"216",216,216,"FP022","N",40,"fuel",25.09541518,54.6607867819916,1.21205873098086,50
"217",217,217,"FP022","S",1,"fuel",25.09541518,74.4708824248723,0.199538651567529,50
"218",218,218,"FP022","S",10,"fuel",25.09541518,70.6707500004253,0.603513522158843,50
"219",219,219,"FP022","S",20,"fuel",25.09541518,71.3640842270502,1.30551164416915,50
"220",220,220,"FP022","S",40,"fuel",25.09541518,53.789084546675,1.38723759357424,40
"221",221,221,"FP022","W",1,"fuel",25.09541518,83.3880438743605,0.126119476881961,50
"222",222,222,"FP022","W",10,"fuel",25.09541518,70.8623382428905,1.05639628077763,50
"223",223,223,"FP022","W",20,"fuel",25.09541518,75.5001623397481,1.01837704015672,50
"224",224,224,"FP022","W",40,"fuel",25.09541518,50.9554914409788,1.64038448703532,50
"225",225,225,"FP026","E",1,"fuel",41.19686293,88.5783123808236,0.11126819961201,50
"226",226,226,"FP026","E",10,"fuel",41.19686293,75.5688218241007,0.50674406855967,50
"227",227,227,"FP026","E",20,"fuel",41.19686293,66.7139842932936,0.978622709813778,50
"228",228,228,"FP026","E",40,"fuel",41.19686293,49.9416986760711,0.710412383832124,50
"229",229,229,"FP026","N",1,"fuel",41.19686293,97.069627348729,0.123147331705247,50
"230",230,230,"FP026","N",10,"fuel",41.19686293,81.6920772875901,0.441369899013405,50
"231",231,231,"FP026","N",20,"fuel",41.19686293,62.6959564199892,0.808403213193788,50
"232",232,232,"FP026","N",40,"fuel",41.19686293,58.9236314750657,0.577758829708489,50
"233",233,233,"FP026","S",1,"fuel",41.19686293,92.7602134031842,0.121899255828035,50
"234",234,234,"FP026","S",10,"fuel",41.19686293,83.0876700868548,0.350208392771143,50
"235",235,235,"FP026","S",20,"fuel",41.19686293,82.1593319745942,0.577595155160867,50
"236",236,236,"FP026","S",40,"fuel",41.19686293,70.1500925068565,0.509929326835932,50
"237",237,237,"FP026","W",1,"fuel",41.19686293,92.5035292130573,0.127069963052658,50
"238",238,238,"FP026","W",10,"fuel",41.19686293,73.3285373142266,0.249343955537857,50
"239",239,239,"FP026","W",20,"fuel",41.19686293,74.4376937014302,0.736575113589363,50
"240",240,240,"FP026","W",40,"fuel",41.19686293,74.0545237639425,0.932838459668519,50
"241",241,241,"FP027","E",1,"fuel",51.26207418,96.4912355629463,0.109040527945777,50
"242",242,242,"FP027","E",10,"fuel",51.26207418,66.8978994228563,0.583389112979372,50
"243",243,243,"FP027","E",20,"fuel",51.26207418,70.1709322584264,0.821708647904362,50
"244",244,244,"FP027","E",40,"fuel",51.26207418,53.6718317908621,1.80328642183984,45
"245",245,245,"FP027","N",1,"fuel",51.26207418,87.9209052377109,0.258298672241327,50
"246",246,246,"FP027","N",10,"fuel",51.26207418,76.4273483298641,0.821114126150114,50
"247",247,247,"FP027","N",20,"fuel",51.26207418,79.2286892093568,2.43911241802322,50
"248",248,248,"FP027","N",40,"fuel",51.26207418,63.9924639164221,1.27608868249091,44
"249",249,249,"FP027","S",1,"fuel",51.26207418,71.4412261464766,0.178852236354425,50
"250",250,250,"FP027","S",10,"fuel",51.26207418,83.0504570547597,1.06212034753744,50
"251",251,251,"FP027","S",20,"fuel",51.26207418,78.037405761292,1.03917402443538,50
"252",252,252,"FP027","S",40,"fuel",51.26207418,55.5154514550078,3.65878762679104,50
"253",253,253,"FP027","W",1,"fuel",51.26207418,84.141056083795,0.121092981646673,50
"254",254,254,"FP027","W",10,"fuel",51.26207418,81.784548292817,0.879738388757171,50
"255",255,255,"FP027","W",20,"fuel",51.26207418,85.9660163486632,1.36915348493371,50
"256",256,256,"FP027","W",40,"fuel",51.26207418,54.856848892323,1.02691342559802,50
"257",257,257,"FP028","E",1,"fuel",57.83811483,71.6463530777757,0.130390465408279,50
"258",258,258,"FP028","E",10,"fuel",57.83811483,72.829797436735,0.248144131915468,50
"259",259,259,"FP028","E",20,"fuel",57.83811483,69.5848286674657,0.453522494548203,50
"260",260,260,"FP028","E",40,"fuel",57.83811483,50.4429223810564,0.51134380782006,50
"261",261,261,"FP028","N",1,"fuel",57.83811483,63.1277971698563,0.182815731918055,50
"262",262,262,"FP028","N",10,"fuel",57.83811483,79.9758191874906,0.248540966934825,50
"263",263,263,"FP028","N",20,"fuel",57.83811483,71.0713176550574,0.381509140768338,50
"264",264,264,"FP028","N",40,"fuel",57.83811483,64.7143138420822,0.894791755501963,50
"265",265,265,"FP028","S",1,"fuel",57.83811483,64.1092744805994,0.219694035849304,50
"266",266,266,"FP028","S",10,"fuel",57.83811483,75.1622697449032,0.294180355619904,50
"267",267,267,"FP028","S",20,"fuel",57.83811483,55.842459791812,1.13621011638316,50
"268",268,268,"FP028","S",40,"fuel",57.83811483,48.0065323419075,1.10934525642795,50
"269",269,269,"FP028","W",1,"fuel",57.83811483,64.5586536867296,0.183156117193246,50
"270",270,270,"FP028","W",10,"fuel",57.83811483,74.2720294092426,0.787903547396508,50
"271",271,271,"FP028","W",20,"fuel",57.83811483,66.8249278442794,0.488280448019749,50
"272",272,272,"FP028","W",40,"fuel",57.83811483,51.1261876350161,0.791917229234965,50
"273",273,273,"FP030","E",1,"fuel",48.14041103,72.1074521284489,0.121755861443786,50
"274",274,274,"FP030","E",10,"fuel",48.14041103,65.0239267834571,0.43687615580414,50
"275",275,275,"FP030","E",20,"fuel",48.14041103,55.8280489417354,1.11199030975076,50
"276",276,276,"FP030","E",40,"fuel",48.14041103,46.930504638392,3.96493759891191,50
"277",277,277,"FP030","N",1,"fuel",48.14041103,60.7593457506402,0.122901819119397,50
"278",278,278,"FP030","N",10,"fuel",48.14041103,58.5668944473143,0.375358386568553,50
"279",279,279,"FP030","N",20,"fuel",48.14041103,70.8981115563696,0.575179865390837,50
"280",280,280,"FP030","N",40,"fuel",48.14041103,53.8486999264611,1.22184539253758,50
"281",281,281,"FP030","S",1,"fuel",48.14041103,61.7138118309374,0.203508912706595,50
"282",282,282,"FP030","S",10,"fuel",48.14041103,57.9117183896576,0.374224695135129,50
"283",283,283,"FP030","S",20,"fuel",48.14041103,66.4993770424697,0.984528251271146,50
"284",284,284,"FP030","S",40,"fuel",48.14041103,58.8874386786059,2.21398746333507,41
"285",285,285,"FP030","W",1,"fuel",48.14041103,62.1602543222014,0.148329610898794,50
"286",286,286,"FP030","W",10,"fuel",48.14041103,58.925347771532,0.398224067785041,50
"287",287,287,"FP030","W",20,"fuel",48.14041103,54.8250979841195,0.482724453450603,50
"288",288,288,"FP030","W",40,"fuel",48.14041103,52.2155053351638,2.98887802306061,50
"289",289,289,"FP032","E",1,"fuel",33.21812085,64.2492873727116,0.120571597833328,50
"290",290,290,"FP032","E",10,"fuel",33.21812085,75.5250603030632,0.491632889419721,50
"291",291,291,"FP032","E",20,"fuel",33.21812085,54.8592450564698,0.746307919162113,50
"292",292,292,"FP032","E",40,"fuel",33.21812085,53.6027427484947,0.509396441579521,50
"293",293,293,"FP032","N",1,"fuel",33.21812085,68.8407278817848,0.110404820953598,50
"294",294,294,"FP032","N",10,"fuel",33.21812085,62.2945233025962,1.59422074880437,50
"295",295,295,"FP032","N",20,"fuel",33.21812085,68.9755119815074,0.443148337444239,50
"296",296,296,"FP032","N",40,"fuel",33.21812085,44.4748561226579,1.11889852907551,50
"297",297,297,"FP032","S",1,"fuel",33.21812085,66.3055916620943,0.123258646258797,50
"298",298,298,"FP032","S",10,"fuel",33.21812085,64.0440528182408,0.527574194414629,50
"299",299,299,"FP032","S",20,"fuel",33.21812085,69.4369133737794,0.463436189826405,50
"300",300,300,"FP032","S",40,"fuel",33.21812085,49.3040622885754,0.450192747835948,50
"301",301,301,"FP032","W",1,"fuel",33.21812085,64.7927510973228,0.143956484354665,50
"302",302,302,"FP032","W",10,"fuel",33.21812085,70.6142227847788,0.451568694347034,50
"303",303,303,"FP032","W",20,"fuel",33.21812085,59.6787121093864,0.388600261535303,50
"304",304,304,"FP032","W",40,"fuel",33.21812085,57.0282464161956,0.918799127521731,50
"305",305,305,"FP036","E",1,"fuel",15.50128575,66.1584988407118,0.203746941882646,50
"306",306,306,"FP036","E",10,"fuel",15.50128575,75.4824571338728,0.430581998163948,50
"307",307,307,"FP036","E",20,"fuel",15.50128575,65.2917996360089,1.58328680346955,50
"308",308,308,"FP036","E",40,"fuel",15.50128575,55.526516178189,1.5288634700993,50
"309",309,309,"FP036","N",1,"fuel",15.50128575,73.1535931212722,0.136205876585141,50
"310",310,310,"FP036","N",10,"fuel",15.50128575,80.0428033594456,0.377792946207419,50
"311",311,311,"FP036","N",20,"fuel",15.50128575,73.4563262024661,0.669797898242295,50
"312",312,312,"FP036","N",40,"fuel",15.50128575,61.1959454289571,1.51945634746008,50
"313",313,313,"FP036","S",1,"fuel",15.50128575,69.1256552121343,2.56745009688601,14
"314",314,314,"FP036","S",10,"fuel",15.50128575,68.3654100155732,0.183814458359621,50
"315",315,315,"FP036","S",20,"fuel",15.50128575,67.8230698742232,0.493133628451968,50
"316",316,316,"FP036","S",40,"fuel",15.50128575,50.0117037267644,0.731804144646946,50
"317",317,317,"FP036","W",1,"fuel",15.50128575,73.71165842101,0.143414484225667,50
"318",318,318,"FP036","W",10,"fuel",15.50128575,64.5524956921728,0.680952783882665,50
"319",319,319,"FP036","W",20,"fuel",15.50128575,69.8857458623616,0.556069478847854,50
"320",320,320,"FP036","W",40,"fuel",15.50128575,54.934561275207,0.987202210330605,50
"321",321,321,"SP003","E",1,"thinned",37.32049103,67.2510866634646,0.0691880017910381,50
"322",322,322,"SP003","E",10,"thinned",37.32049103,77.0801288125695,0.220208528259846,50
"323",323,323,"SP003","E",20,"thinned",37.32049103,59.8074393978946,0.524567888254472,50
"324",324,324,"SP003","E",40,"thinned",37.32049103,53.9965398810639,1.16087610593609,3
"325",325,325,"SP003","N",1,"thinned",37.32049103,75.3300193868738,0.0828475363889254,50
"326",326,326,"SP003","N",10,"thinned",37.32049103,78.511577529598,0.392679752158298,50
"327",327,327,"SP003","N",20,"thinned",37.32049103,63.4175302613624,0.255933345914558,50
"328",328,328,"SP003","N",40,"thinned",37.32049103,68.8434837987094,0.725718335196801,50
"329",329,329,"SP003","S",1,"thinned",37.32049103,78.1589011050179,0.0717637848522963,50
"330",330,330,"SP003","S",10,"thinned",37.32049103,73.9327739554547,0.294452102754126,50
"331",331,331,"SP003","S",20,"thinned",37.32049103,68.9490478801863,0.645221809669721,50
"332",332,332,"SP003","S",40,"thinned",37.32049103,68.4082865699213,0.482103553953602,50
"333",333,333,"SP003","W",1,"thinned",37.32049103,72.0749345911164,0.0434135312302239,50
"334",334,334,"SP003","W",10,"thinned",37.32049103,77.816974251523,0.131006153461958,50
"335",335,335,"SP003","W",20,"thinned",37.32049103,79.68881317714,0.28897602470991,50
"336",336,336,"SP003","W",40,"thinned",37.32049103,72.0947264038596,2.11870042463811,48
"337",337,337,"SP004","E",1,"thinned",22.45335538,76.3620133580043,0.119441728598561,50
"338",338,338,"SP004","E",10,"thinned",22.45335538,69.3332057529787,0.417882172632528,50
"339",339,339,"SP004","E",20,"thinned",22.45335538,75.4076258834122,1.11645876021701,50
"340",340,340,"SP004","E",40,"thinned",22.45335538,63.3670586185899,1.30803725840962,50
"341",341,341,"SP004","N",1,"thinned",22.45335538,68.0053383468347,0.242280323390161,50
"342",342,342,"SP004","N",10,"thinned",22.45335538,84.1127910379734,0.397835008360942,50
"343",343,343,"SP004","N",20,"thinned",22.45335538,72.549829080378,1.29829313378162,50
"344",344,344,"SP004","N",40,"thinned",22.45335538,64.5134072444107,2.09879417275536,50
"345",345,345,"SP004","S",1,"thinned",22.45335538,78.8396478105869,0.267114666197795,50
"346",346,346,"SP004","S",10,"thinned",22.45335538,73.9540821796441,0.530564774171672,50
"347",347,347,"SP004","S",20,"thinned",22.45335538,71.1522131623134,0.54985122292029,50
"348",348,348,"SP004","S",40,"thinned",22.45335538,56.0660787111575,1.64042995857171,50
"349",349,349,"SP004","W",1,"thinned",22.45335538,64.6195749215922,0.266954173243732,50
"350",350,350,"SP004","W",10,"thinned",22.45335538,66.5202240108909,0.512747063395206,50
"351",351,351,"SP004","W",20,"thinned",22.45335538,77.7685481014367,1.0323996220417,50
"352",352,352,"SP004","W",40,"thinned",22.45335538,69.5649366820604,2.19784890197629,50
"353",353,353,"SP005","E",1,"thinned",33.09940788,71.7737896789295,0.153749863115917,50
"354",354,354,"SP005","E",10,"thinned",33.09940788,67.1803382788674,0.53842813554165,50
"355",355,355,"SP005","E",20,"thinned",33.09940788,72.7201882049955,0.771174137935401,50
"356",356,356,"SP005","E",40,"thinned",33.09940788,66.4905207433838,2.23513667572783,50
"357",357,357,"SP005","N",1,"thinned",33.09940788,79.9266761533012,0.14038780108641,50
"358",358,358,"SP005","N",10,"thinned",33.09940788,75.5229162982944,0.701820489869026,50
"359",359,359,"SP005","N",20,"thinned",33.09940788,69.2117514765494,0.802619080109053,50
"360",360,360,"SP005","N",40,"thinned",33.09940788,57.5740608888318,1.58828615115765,50
"361",361,361,"SP005","S",1,"thinned",33.09940788,74.0776364074305,0.14892211359757,50
"362",362,362,"SP005","S",10,"thinned",33.09940788,74.3739839350248,0.713632529916554,50
"363",363,363,"SP005","S",20,"thinned",33.09940788,68.1641991393014,1.18736930967203,50
"364",364,364,"SP005","S",40,"thinned",33.09940788,71.8934895456896,1.57223947908448,50
"365",365,365,"SP005","W",1,"thinned",33.09940788,79.1680591856282,0.178770060955064,50
"366",366,366,"SP005","W",10,"thinned",33.09940788,77.2164984172364,0.462270351148567,50
"367",367,367,"SP005","W",20,"thinned",33.09940788,72.4950968836148,1.05430398745295,50
"368",368,368,"SP005","W",40,"thinned",33.09940788,69.3162836719853,1.29871775067501,50
"369",369,369,"SP006","E",1,"thinned",8.93965715,95.1337430524471,0.28334733858943,50
"370",370,370,"SP006","E",10,"thinned",8.93965715,95.6428015891023,0.334090052628489,50
"371",371,371,"SP006","E",20,"thinned",8.93965715,79.5743910835747,1.03818986899393,50
"372",372,372,"SP006","E",40,"thinned",8.93965715,68.9805034391139,1.85096247439883,50
"373",373,373,"SP006","N",1,"thinned",8.93965715,93.1674113833417,0.36554884650847,50
"374",374,374,"SP006","N",10,"thinned",8.93965715,78.7390246171828,0.463848849413299,50
"375",375,375,"SP006","N",20,"thinned",8.93965715,76.7919037727242,0.944822626696866,50
"376",376,376,"SP006","N",40,"thinned",8.93965715,65.6635701781774,1.72163287465767,50
"377",377,377,"SP006","S",1,"thinned",8.93965715,93.1644630809982,0.321020121436877,50
"378",378,378,"SP006","S",10,"thinned",8.93965715,98.0115633158691,0.52356412000356,50
"379",379,379,"SP006","S",20,"thinned",8.93965715,90.995362852507,0.624320855499994,50
"380",380,380,"SP006","S",40,"thinned",8.93965715,72.5491661370877,1.23663631992397,50
"381",381,381,"SP006","W",1,"thinned",8.93965715,104.495367634792,0.31005226682491,50
"382",382,382,"SP006","W",10,"thinned",8.93965715,78.0504103444503,0.60434157121108,50
"383",383,383,"SP006","W",20,"thinned",8.93965715,80.5680193492706,0.923704188889186,50
"384",384,384,"SP006","W",40,"thinned",8.93965715,81.5747560375925,1.30325477954549,50
"385",385,385,"SP007","E",1,"thinned",0,92.0909943244788,0.0990998259847313,50
"386",386,386,"SP007","E",10,"thinned",0,88.3223784124341,0.397606358508677,50
"387",387,387,"SP007","E",20,"thinned",0,69.6900260600026,0.833793494719606,50
"388",388,388,"SP007","E",40,"thinned",0,70.0124751528584,0.909543415395767,50
"389",389,389,"SP007","N",1,"thinned",0,92.8134137487212,0.135490642797627,50
"390",390,390,"SP007","N",10,"thinned",0,88.8923797389555,0.611841949712972,50
"391",391,391,"SP007","N",20,"thinned",0,80.5354875025619,0.835437951872293,50
"392",392,392,"SP007","N",40,"thinned",0,65.1693099229273,1.28846062241351,50
"393",393,393,"SP007","S",1,"thinned",0,93.1410411822943,0.214466590328999,50
"394",394,394,"SP007","S",10,"thinned",0,89.1983437975884,0.337922886989058,50
"395",395,395,"SP007","S",20,"thinned",0,78.4000197187793,0.692148385647978,50
"396",396,396,"SP007","S",40,"thinned",0,63.7978340273894,1.24172059692039,50
"397",397,397,"SP007","W",1,"thinned",0,90.6027484998277,0.28433732481986,50
"398",398,398,"SP007","W",10,"thinned",0,95.2496152620689,0.439480026710601,50
"399",399,399,"SP007","W",20,"thinned",0,89.703809152592,0.677793207883541,50
"400",400,400,"SP007","W",40,"thinned",0,66.5178022915994,1.52726641221417,50
"401",401,401,"SP008","E",1,"thinned",11.35662183,95.3700595650442,0.10431036890561,50
"402",402,402,"SP008","E",10,"thinned",11.35662183,90.5039818891372,0.32662504246819,50
"403",403,403,"SP008","E",20,"thinned",11.35662183,78.6318839434131,0.907557408090305,50
"404",404,404,"SP008","E",40,"thinned",11.35662183,58.278870207991,1.04700965826004,50
"405",405,405,"SP008","N",1,"thinned",11.35662183,95.2367252446796,0.112070677408026,50
"406",406,406,"SP008","N",10,"thinned",11.35662183,80.9002068053796,0.736843266916378,50
"407",407,407,"SP008","N",20,"thinned",11.35662183,77.1200161779724,1.13315157406056,50
"408",408,408,"SP008","N",40,"thinned",11.35662183,63.0641863842556,0.570127948403707,50
"409",409,409,"SP008","S",1,"thinned",11.35662183,87.3798103205524,0.112549127595238,50
"410",410,410,"SP008","S",10,"thinned",11.35662183,77.5667652764778,0.234250868488796,50
"411",411,411,"SP008","S",20,"thinned",11.35662183,77.9040101579207,0.342977657390957,50
"412",412,412,"SP008","S",40,"thinned",11.35662183,63.5194718712235,0.745534762189298,50
"413",413,413,"SP008","W",1,"thinned",11.35662183,88.0347042125232,0.151029663257499,50
"414",414,414,"SP008","W",10,"thinned",11.35662183,87.2877493536612,0.331933113498389,50
"415",415,415,"SP008","W",20,"thinned",11.35662183,65.045504026807,0.373337074811184,50
"416",416,416,"SP008","W",40,"thinned",11.35662183,64.3678900953901,0.472231523984685,50
"417",417,417,"SP016","E",1,"thinned",14.18273968,80.6035272215446,0.108909998416591,50
"418",418,418,"SP016","E",10,"thinned",14.18273968,84.9949437663634,0.492377986543522,50
"419",419,419,"SP016","E",20,"thinned",14.18273968,73.8517866638136,0.931810701630685,50
"420",420,420,"SP016","E",40,"thinned",14.18273968,60.6146928235918,1.59841176273991,50
"421",421,421,"SP016","N",1,"thinned",14.18273968,93.2328161446875,0.0831806492410544,50
"422",422,422,"SP016","N",10,"thinned",14.18273968,70.3722281475663,0.634881991284319,50
"423",423,423,"SP016","N",20,"thinned",14.18273968,64.5890711070937,0.683902368017242,50
"424",424,424,"SP016","N",40,"thinned",14.18273968,50.4343023205082,1.50254478014019,50
"425",425,425,"SP016","S",1,"thinned",14.18273968,83.23220707921,0.0985610760609165,50
"426",426,426,"SP016","S",10,"thinned",14.18273968,78.8148240396412,0.462469899737558,50
"427",427,427,"SP016","S",20,"thinned",14.18273968,65.7052329554134,0.678616269195137,50
"428",428,428,"SP016","S",40,"thinned",14.18273968,57.572465164804,1.04092049138623,50
"429",429,429,"SP016","W",1,"thinned",14.18273968,84.4028475863831,0.143387017315705,50
"430",430,430,"SP016","W",10,"thinned",14.18273968,72.4657306077179,0.475542912074704,50
"431",431,431,"SP016","W",20,"thinned",14.18273968,74.3026807301286,1.05824207330567,50
"432",432,432,"SP016","W",40,"thinned",14.18273968,56.3357606612395,1.26453671439022,50
"433",433,433,"SP035","E",1,"thinned",52.5113089,91.3756142294185,0.694272809991776,50
"434",434,434,"SP035","E",10,"thinned",52.5113089,87.3623695051796,0.32976701732327,50
"435",435,435,"SP035","E",20,"thinned",52.5113089,68.6890578916531,1.05888574473744,50
"436",436,436,"SP035","E",40,"thinned",52.5113089,68.347565407269,1.12726450547603,50
"437",437,437,"SP035","N",1,"thinned",52.5113089,84.2055711799213,0.343766650802665,50
"438",438,438,"SP035","N",10,"thinned",52.5113089,81.3825683246612,0.905314670742291,50
"439",439,439,"SP035","N",20,"thinned",52.5113089,78.3913791105534,1.05847607050738,50
"440",440,440,"SP035","N",40,"thinned",52.5113089,70.962781310441,1.53662339868549,50
"441",441,441,"SP035","S",1,"thinned",52.5113089,85.1217729282455,0.236781221676838,50
"442",442,442,"SP035","S",10,"thinned",52.5113089,86.4982385870842,0.414470352943836,50
"443",443,443,"SP035","S",20,"thinned",52.5113089,65.997230937619,0.650082067032734,50
"444",444,444,"SP035","S",40,"thinned",52.5113089,62.4940511729558,1.10902694985749,50
"445",445,445,"SP035","W",1,"thinned",52.5113089,92.0666408900954,0.177630205190215,50
"446",446,446,"SP035","W",10,"thinned",52.5113089,71.1236059792188,0.579842519084946,50
"447",447,447,"SP035","W",20,"thinned",52.5113089,77.7576260412631,0.931727581278072,50
"448",448,448,"SP035","W",40,"thinned",52.5113089,54.2108165462788,2.04621147190487,50
"449",449,449,"SP041","E",1,"thinned",27.14762133,77.4890294015303,0.06030568389633,50
"450",450,450,"SP041","E",10,"thinned",27.14762133,80.820475618066,0.504219785249186,50
"451",451,451,"SP041","E",20,"thinned",27.14762133,79.0993017305271,0.871763495356818,50
"452",452,452,"SP041","E",40,"thinned",27.14762133,58.9777552471054,1.54621999913152,50
"453",453,453,"SP041","N",1,"thinned",27.14762133,86.074153403237,0.087172360345257,50
"454",454,454,"SP041","N",10,"thinned",27.14762133,79.248280201685,0.516860854444542,50
"455",455,455,"SP041","N",20,"thinned",27.14762133,82.0021650521858,0.590098435233738,50
"456",456,456,"SP041","N",40,"thinned",27.14762133,59.9817916891764,1.01353390648357,50
"457",457,457,"SP041","S",1,"thinned",27.14762133,80.0396650417386,0.0842467222156544,50
"458",458,458,"SP041","S",10,"thinned",27.14762133,76.0415259751143,0.436806780241911,50
"459",459,459,"SP041","S",20,"thinned",27.14762133,72.7601395516801,0.891861707958386,50
"460",460,460,"SP041","S",40,"thinned",27.14762133,69.9796860299684,1.39167049818202,50
"461",461,461,"SP041","W",1,"thinned",27.14762133,68.5874041003238,0.0937127613116435,50
"462",462,462,"SP041","W",10,"thinned",27.14762133,83.4529541500458,0.526789467298981,50
"463",463,463,"SP041","W",20,"thinned",27.14762133,80.9521697370494,0.97748289822714,50
"464",464,464,"SP041","W",40,"thinned",27.14762133,59.0334107525712,1.06620249254166,50
"465",465,465,"SP042","E",1,"thinned",27.13640978,83.0346404870203,0.240187766685371,50
"466",466,466,"SP042","E",10,"thinned",27.13640978,84.1047489702312,1.08099508201792,50
"467",467,467,"SP042","E",20,"thinned",27.13640978,66.1402362799211,0.993182968119805,50
"468",468,468,"SP042","E",40,"thinned",27.13640978,56.5091973698585,1.14381547320129,50
"469",469,469,"SP042","N",1,"thinned",27.13640978,87.9758741053443,0.879808443900821,50
"470",470,470,"SP042","N",10,"thinned",27.13640978,83.9146817096077,1.21753596938024,50
"471",471,471,"SP042","N",20,"thinned",27.13640978,66.0784939073208,0.82528810059251,50
"472",472,472,"SP042","N",40,"thinned",27.13640978,57.2655927552829,1.09037690544067,50
"473",473,473,"SP042","S",1,"thinned",27.13640978,77.0622139762924,1.01131549004658,50
"474",474,474,"SP042","S",10,"thinned",27.13640978,76.3364838796916,1.19723838691467,50
"475",475,475,"SP042","S",20,"thinned",27.13640978,68.4581680568951,0.581548987179751,50
"476",476,476,"SP042","S",40,"thinned",27.13640978,59.157159977606,0.91545380739248,50
"477",477,477,"SP042","W",1,"thinned",27.13640978,94.0047995363402,0.935711035981271,50
"478",478,478,"SP042","W",10,"thinned",27.13640978,86.4036041637457,0.938650790295545,50
"479",479,479,"SP042","W",20,"thinned",27.13640978,64.4681078270881,0.905073770812217,50
"480",480,480,"SP042","W",40,"thinned",27.13640978,61.5347151307358,1.39727725032855,50
